variable,LumA,LumB,Her2,Basal,claudin-low,Normal,Overall,p_value
N,678,461,220,199,198,140,1902,
"age_at_diagnosis, median [IQR]",63.2 [53.0-72.2],66.2 [58.4-73.5],58.8 [50.4-68.6],54.5 [43.5-65.7],58.5 [48.7-66.6],57.8 [46.6-66.2],61.8 [51.4-70.6],2.44e-28
"lymph_nodes_examined_positive, median [IQR]",0.0 [0.0-2.0],1.0 [0.0-2.0],1.0 [0.0-3.0],1.0 [0.0-2.0],0.0 [0.0-2.0],0.0 [0.0-2.0],0.0 [0.0-2.0],0.000111
"mutation_count, median [IQR]",5.0 [3.0-7.0],5.0 [3.0-7.0],6.0 [4.0-9.0],5.0 [4.0-8.0],4.0 [2.0-6.0],4.0 [2.0-7.0],5.0 [3.0-7.0],1.15e-14
"nottingham_prognostic_index, median [IQR]",3.1 [3.0-4.1],4.0 [3.1-5.0],4.1 [4.0-5.1],5.0 [4.0-5.1],4.0 [4.0-5.0],4.0 [3.0-4.1],4.0 [3.0-5.0],4.05e-46
"tumor_size, median [IQR]",21.0 [16.0-29.0],25.0 [19.0-31.0],25.0 [20.0-35.0],25.0 [20.0-35.0],20.0 [15.0-28.0],23.0 [15.8-32.2],23.0 [17.0-30.0],3.2e-11
"tumor_stage, median [IQR]",2.0 [1.0-2.0],2.0 [1.0-2.0],2.0 [2.0-2.0],2.0 [1.5-2.0],2.0 [1.0-2.0],2.0 [1.0-2.0],2.0 [1.0-2.0],1.3e-05
"neoplasm_histologic_grade, median [IQR]",2.0 [2.0-3.0],3.0 [2.0-3.0],3.0 [2.0-3.0],3.0 [3.0-3.0],3.0 [2.0-3.0],2.0 [2.0-3.0],3.0 [2.0-3.0],1.99e-80
"os_time, median [IQR]",128.9 [81.4-196.3],104.5 [56.5-164.6],95.8 [38.7-163.0],89.0 [32.4-182.4],116.2 [63.9-193.9],117.0 [63.7-173.5],115.6 [60.9-184.6],4.98e-11
type_of_breast_surgery,,,,,,,,0.000153
"   BREAST CONSERVING, n (%)",270 (39.8),202 (43.8),60 (27.3),86 (43.2),90 (45.5),45 (32.1),754 (39.6),
"   MASTECTOMY, n (%)",403 (59.4),258 (56.0),157 (71.4),107 (53.8),104 (52.5),93 (66.4),1127 (59.3),
cellularity,,,,,,,,5.76e-37
"   High, n (%)",318 (46.9),285 (61.8),125 (56.8),119 (59.8),61 (30.8),28 (20.0),939 (49.4),
"   Low, n (%)",50 (7.4),20 (4.3),15 (6.8),25 (12.6),43 (21.7),44 (31.4),199 (10.5),
"   Moderate, n (%)",303 (44.7),148 (32.1),70 (31.8),52 (26.1),79 (39.9),57 (40.7),710 (37.3),
chemotherapy,,,,,,,,8.64e-65
"   0, n (%)",624 (92.0),416 (90.2),132 (60.0),91 (45.7),129 (65.2),108 (77.1),1506 (79.2),
"   1, n (%)",54 (8.0),45 (9.8),88 (40.0),108 (54.3),69 (34.8),32 (22.9),396 (20.8),
er_status,,,,,,,,4.06e-234
"   Negative, n (%)",3 (0.4),0 (0.0),127 (57.7),172 (86.4),122 (61.6),20 (14.3),444 (23.3),
"   Positive, n (%)",675 (99.6),461 (100.0),93 (42.3),27 (13.6),76 (38.4),120 (85.7),1458 (76.7),
pr_status,,,,,,,,7.99e-107
"   Negative, n (%)",157 (23.2),170 (36.9),170 (77.3),182 (91.5),159 (80.3),54 (38.6),894 (47.0),
"   Positive, n (%)",521 (76.8),291 (63.1),50 (22.7),17 (8.5),39 (19.7),86 (61.4),1008 (53.0),
her2_status,,,,,,,,7.02e-98
"   Negative, n (%)",657 (96.9),419 (90.9),95 (43.2),179 (89.9),183 (92.4),127 (90.7),1666 (87.6),
"   Positive, n (%)",21 (3.1),42 (9.1),125 (56.8),20 (10.1),15 (7.6),13 (9.3),236 (12.4),
hormone_therapy,,,,,,,,6.16e-43
"   0, n (%)",217 (32.0),92 (20.0),125 (56.8),141 (70.9),97 (49.0),54 (38.6),728 (38.3),
"   1, n (%)",461 (68.0),369 (80.0),95 (43.2),58 (29.1),101 (51.0),86 (61.4),1174 (61.7),
radio_therapy,,,,,,,,7.96e-06
"   0, n (%)",312 (46.0),171 (37.1),88 (40.0),64 (32.2),58 (29.3),69 (49.3),766 (40.3),
"   1, n (%)",366 (54.0),290 (62.9),132 (60.0),135 (67.8),140 (70.7),71 (50.7),1136 (59.7),
inferred_menopausal_state,,,,,,,,2.84e-18
"   Post, n (%)",553 (81.6),411 (89.2),167 (75.9),121 (60.8),141 (71.2),92 (65.7),1491 (78.4),
"   Pre, n (%)",125 (18.4),50 (10.8),53 (24.1),78 (39.2),57 (28.8),48 (34.3),411 (21.6),
integrative_cluster,,,,,,,,0
"   1, n (%)",11 (1.6),84 (18.2),18 (8.2),7 (3.5),4 (2.0),8 (5.7),132 (6.9),
"   10, n (%)",1 (0.1),14 (3.0),7 (3.2),138 (69.3),57 (28.8),1 (0.7),218 (11.5),
"   2, n (%)",25 (3.7),35 (7.6),5 (2.3),1 (0.5),3 (1.5),3 (2.1),72 (3.8),
"   3, n (%)",189 (27.9),37 (8.0),8 (3.6),2 (1.0),11 (5.6),32 (22.9),282 (14.8),
"   4ER+, n (%)",87 (12.8),24 (5.2),7 (3.2),7 (3.5),72 (36.4),46 (32.9),244 (12.8),
"   4ER-, n (%)",1 (0.1),0 (0.0),19 (8.6),10 (5.0),34 (17.2),10 (7.1),74 (3.9),
"   5, n (%)",17 (2.5),32 (6.9),103 (46.8),14 (7.0),8 (4.0),10 (7.1),184 (9.7),
"   6, n (%)",22 (3.2),42 (9.1),10 (4.5),2 (1.0),2 (1.0),6 (4.3),84 (4.4),
"   7, n (%)",116 (17.1),38 (8.2),9 (4.1),3 (1.5),3 (1.5),11 (7.9),181 (9.5),
"   8, n (%)",185 (27.3),87 (18.9),8 (3.6),1 (0.5),0 (0.0),8 (5.7),289 (15.2),
"   9, n (%)",24 (3.5),68 (14.8),26 (11.8),14 (7.0),4 (2.0),5 (3.6),142 (7.5),
3-gene_classifier_subtype,,,,,,,,0
"   ER+/HER2- High Prolif, n (%)",158 (23.3),349 (75.7),53 (24.1),9 (4.5),9 (4.5),20 (14.3),602 (31.7),
"   ER+/HER2- Low Prolif, n (%)",456 (67.3),30 (6.5),10 (4.5),0 (0.0),38 (19.2),84 (60.0),619 (32.5),
"   ER-/HER2-, n (%)",0 (0.0),1 (0.2),23 (10.5),137 (68.8),118 (59.6),10 (7.1),289 (15.2),
"   HER2+, n (%)",16 (2.4),32 (6.9),104 (47.3),15 (7.5),10 (5.1),11 (7.9),188 (9.9),
cancer_type_detailed,,,,,,,,1.04e-13
"   Breast, n (%)",5 (0.7),5 (1.1),1 (0.5),1 (0.5),2 (1.0),3 (2.1),17 (0.9),
"   Breast Invasive Ductal Carcinoma, n (%)",490 (72.3),369 (80.0),194 (88.2),186 (93.5),161 (81.3),93 (66.4),1498 (78.8),
"   Breast Invasive Lobular Carcinoma, n (%)",63 (9.3),22 (4.8),14 (6.4),4 (2.0),14 (7.1),24 (17.1),142 (7.5),
"   Breast Invasive Mixed Mucinous Carcinoma, n (%)",7 (1.0),12 (2.6),1 (0.5),0 (0.0),2 (1.0),0 (0.0),22 (1.2),
"   Breast Mixed Ductal and Lobular Carcinoma, n (%)",109 (16.1),50 (10.8),8 (3.6),5 (2.5),16 (8.1),19 (13.6),207 (10.9),
"   Metaplastic Breast Cancer, n (%)",0 (0.0),0 (0.0),0 (0.0),0 (0.0),1 (0.5),0 (0.0),1 (0.1),
primary_tumor_laterality,,,,,,,,0.355
"   Left, n (%)",336 (49.6),236 (51.2),114 (51.8),88 (44.2),86 (43.4),71 (50.7),935 (49.2),
"   Right, n (%)",316 (46.6),199 (43.2),90 (40.9),93 (46.7),100 (50.5),63 (45.0),862 (45.3),
her2_status_measured_by_snp6,,,,,,,,1.01e-60
"   GAIN, n (%)",74 (10.9),113 (24.5),146 (66.4),30 (15.1),31 (15.7),22 (15.7),417 (21.9),
"   LOSS, n (%)",35 (5.2),32 (6.9),4 (1.8),13 (6.5),11 (5.6),4 (2.9),99 (5.2),
"   NEUTRAL, n (%)",568 (83.8),314 (68.1),70 (31.8),156 (78.4),156 (78.8),113 (80.7),1382 (72.7),
"   UNDEF, n (%)",1 (0.1),2 (0.4),0 (0.0),0 (0.0),0 (0.0),1 (0.7),4 (0.2),
er_status_measured_by_ihc,,,,,,,,4.98e-190
"   Negative, n (%)",13 (1.9),11 (2.4),114 (51.8),167 (83.9),98 (49.5),26 (18.6),429 (22.6),
"   Positve, n (%)",655 (96.6),442 (95.9),100 (45.5),31 (15.6),98 (49.5),112 (80.0),1444 (75.9),
os_event,,,,,,,,9.86e-09
"   0.0, n (%)",315 (46.5),158 (34.3),65 (29.5),88 (44.2),109 (55.1),64 (45.7),800 (42.1),
"   1.0, n (%)",363 (53.5),303 (65.7),155 (70.5),111 (55.8),89 (44.9),76 (54.3),1102 (57.9),
dss_event,,,,,,,,6.3e-16
"   0.0, n (%)",532 (78.5),280 (60.7),113 (51.4),118 (59.3),142 (71.7),92 (65.7),1280 (67.3),
"   1.0, n (%)",146 (21.5),181 (39.3),107 (48.6),81 (40.7),56 (28.3),48 (34.3),622 (32.7),
