,fraction_missing
age_at_diagnosis,0.0
lymph_nodes_examined_positive,0.0
nottingham_prognostic_index,0.0
radio_therapy,0.0
her2_status,0.0
pr_status,0.0
er_status,0.0
chemotherapy,0.0
inferred_menopausal_state,0.0
hormone_therapy,0.0
her2_status_measured_by_snp6,0.0
integrative_cluster,0.0
pam50_+_claudin-low_subtype,0.0031545741324921135
cancer_type_detailed,0.007886435331230283
tumor_size,0.009989484752891693
type_of_breast_surgery,0.011041009463722398
er_status_measured_by_ihc,0.015247108307045216
mutation_count,0.02365930599369085
cellularity,0.028391167192429023
neoplasm_histologic_grade,0.03732912723449001
primary_tumor_laterality,0.055205047318611984
3-gene_classifier_subtype,0.10725552050473186
tumor_stage,0.2628811777076761
