subgroup,year,CIF_cancer_death,CIF_other_death
All,5,0.17405657951071243,0.046628216137639816
All,10,0.27553025747718907,0.13613784370913454
TNBC,5,0.307041108714132,0.03414786838390648
TNBC,10,0.354686095321806,0.11004366147830558
Basal,5,0.3529375271418821,0.03526893727898752
Basal,10,0.389679881457131,0.10730720344625852
HER2-enriched,5,0.3191950914839242,0.036954041655201844
HER2-enriched,10,0.44688239358721643,0.08651869973440493
Claudin-low,5,0.17734859203595021,0.015894295262036742
Claudin-low,10,0.24886961454953185,0.08691935777402018
Aggressive (Basal/HER2/CL),5,0.28550296473089,0.029698507247424014
Aggressive (Basal/HER2/CL),10,0.36633299639657724,0.09351313120696604
LumB,5,0.18684535649948855,0.053224528999255144
LumB,10,0.335927670645417,0.15491726272418235
LumA,5,0.06904819301751357,0.05563970964892001
LumA,10,0.15364149984563485,0.15947591847348744
