endpoint,configuration,months,td_auc
DSS,Best: RSF [Clin+Genes],12.0,0.7814588766904318
DSS,Best: RSF [Clin+Genes],18.0,0.8110682601968253
DSS,Best: RSF [Clin+Genes],24.0,0.786271425241533
DSS,Best: RSF [Clin+Genes],30.0,0.7843790433063176
DSS,Best: RSF [Clin+Genes],36.0,0.8076333530122358
DSS,Best: RSF [Clin+Genes],42.0,0.8197313023161931
DSS,Best: RSF [Clin+Genes],48.0,0.8212122493857787
DSS,Best: RSF [Clin+Genes],54.0,0.8117979664184938
DSS,Best: RSF [Clin+Genes],60.0,0.8040475848641846
DSS,Best: RSF [Clin+Genes],66.0,0.8021526375214231
DSS,Best: RSF [Clin+Genes],72.0,0.795581722960789
DSS,Best: RSF [Clin+Genes],78.0,0.790708417056701
DSS,Best: RSF [Clin+Genes],84.0,0.7863868329904411
DSS,Best: RSF [Clin+Genes],90.0,0.780824445366882
DSS,Best: RSF [Clin+Genes],96.0,0.7719180375561825
DSS,Best: RSF [Clin+Genes],102.0,0.7737672345442449
DSS,Best: RSF [Clin+Genes],108.0,0.7690909403939394
DSS,Best: RSF [Clin+Genes],114.0,0.7636472117214355
DSS,Best: RSF [Clin+Genes],120.0,0.7549330326814253
DSS,Best: RSF [Clin+Genes],126.0,0.747627048359361
DSS,Best: RSF [Clin+Genes],132.0,0.7513542524783339
DSS,Best: RSF [Clin+Genes],138.0,0.75143009699287
DSS,Best: RSF [Clin+Genes],144.0,0.7499326493286746
DSS,Best: RSF [Clin+Genes],150.0,0.7487442382217792
DSS,Best: RSF [Clin+Genes],156.0,0.7480859810173801
DSS,Best: RSF [Clin+Genes],162.0,0.7436983883512821
DSS,Best: RSF [Clin+Genes],168.0,0.742246058083035
DSS,Best: RSF [Clin+Genes],174.0,0.7307466311494484
DSS,Best: RSF [Clin+Genes],180.0,0.736793771024972
DSS,Clinical CoxPH,12.0,0.7564080039160024
DSS,Clinical CoxPH,18.0,0.7783354066897987
DSS,Clinical CoxPH,24.0,0.7245362188042355
DSS,Clinical CoxPH,30.0,0.7289013301050706
DSS,Clinical CoxPH,36.0,0.745996384026147
DSS,Clinical CoxPH,42.0,0.7639730810946124
DSS,Clinical CoxPH,48.0,0.7814154148676814
DSS,Clinical CoxPH,54.0,0.776499681815195
DSS,Clinical CoxPH,60.0,0.7680385482334926
DSS,Clinical CoxPH,66.0,0.7690528998985222
DSS,Clinical CoxPH,72.0,0.7616759656280894
DSS,Clinical CoxPH,78.0,0.7576668167161505
DSS,Clinical CoxPH,84.0,0.751568497222963
DSS,Clinical CoxPH,90.0,0.744973334611897
DSS,Clinical CoxPH,96.0,0.7413475380202996
DSS,Clinical CoxPH,102.0,0.7451693341045589
DSS,Clinical CoxPH,108.0,0.7414827155397345
DSS,Clinical CoxPH,114.0,0.7381304791229192
DSS,Clinical CoxPH,120.0,0.7362823029239842
DSS,Clinical CoxPH,126.0,0.7340982740564452
DSS,Clinical CoxPH,132.0,0.73746539599955
DSS,Clinical CoxPH,138.0,0.7383708556646711
DSS,Clinical CoxPH,144.0,0.7348022796363711
DSS,Clinical CoxPH,150.0,0.7327200443922594
DSS,Clinical CoxPH,156.0,0.7327666795689992
DSS,Clinical CoxPH,162.0,0.7302591062160988
DSS,Clinical CoxPH,168.0,0.727117720246825
DSS,Clinical CoxPH,174.0,0.7218034054019851
DSS,Clinical CoxPH,180.0,0.7237012836101969
DSS,NPI alone,12.0,0.7014854793903902
DSS,NPI alone,18.0,0.7546930067545462
DSS,NPI alone,24.0,0.7244370883321463
DSS,NPI alone,30.0,0.7258999411385109
DSS,NPI alone,36.0,0.7463410579735756
DSS,NPI alone,42.0,0.7519877121771422
DSS,NPI alone,48.0,0.7620214370136646
DSS,NPI alone,54.0,0.7580063927447331
DSS,NPI alone,60.0,0.7442079519253616
DSS,NPI alone,66.0,0.7406383504848159
DSS,NPI alone,72.0,0.7330537097023508
DSS,NPI alone,78.0,0.7277153926287419
DSS,NPI alone,84.0,0.7266457766761614
DSS,NPI alone,90.0,0.7169997778118814
DSS,NPI alone,96.0,0.7132157662801312
DSS,NPI alone,102.0,0.7121292598806785
DSS,NPI alone,108.0,0.7072273191967976
DSS,NPI alone,114.0,0.706035585881141
DSS,NPI alone,120.0,0.7036387822467001
DSS,NPI alone,126.0,0.7017971964678782
DSS,NPI alone,132.0,0.7094751297397696
DSS,NPI alone,138.0,0.707137913162158
DSS,NPI alone,144.0,0.7072600396852762
DSS,NPI alone,150.0,0.7032539061759888
DSS,NPI alone,156.0,0.7032285149955773
DSS,NPI alone,162.0,0.703074507221495
DSS,NPI alone,168.0,0.6991384380826444
DSS,NPI alone,174.0,0.6971224476225264
DSS,NPI alone,180.0,0.6998168716348143
DSS,Best genes-only: RSF [Genes],12.0,0.7129831988592891
DSS,Best genes-only: RSF [Genes],18.0,0.7373219261869167
DSS,Best genes-only: RSF [Genes],24.0,0.7306234292679277
DSS,Best genes-only: RSF [Genes],30.0,0.7369353808635566
DSS,Best genes-only: RSF [Genes],36.0,0.753522590337329
DSS,Best genes-only: RSF [Genes],42.0,0.7657731674080767
DSS,Best genes-only: RSF [Genes],48.0,0.7603474977090566
DSS,Best genes-only: RSF [Genes],54.0,0.7433497250452961
DSS,Best genes-only: RSF [Genes],60.0,0.7356852704550148
DSS,Best genes-only: RSF [Genes],66.0,0.7279858088335852
DSS,Best genes-only: RSF [Genes],72.0,0.7239802763470503
DSS,Best genes-only: RSF [Genes],78.0,0.7241291479538131
DSS,Best genes-only: RSF [Genes],84.0,0.7196724634631717
DSS,Best genes-only: RSF [Genes],90.0,0.716444686398196
DSS,Best genes-only: RSF [Genes],96.0,0.7079052205649525
DSS,Best genes-only: RSF [Genes],102.0,0.709308119126576
DSS,Best genes-only: RSF [Genes],108.0,0.7076607295503258
DSS,Best genes-only: RSF [Genes],114.0,0.698595181010464
DSS,Best genes-only: RSF [Genes],120.0,0.6898108502133733
DSS,Best genes-only: RSF [Genes],126.0,0.6799541399447548
DSS,Best genes-only: RSF [Genes],132.0,0.676706938783683
DSS,Best genes-only: RSF [Genes],138.0,0.6779550584007906
DSS,Best genes-only: RSF [Genes],144.0,0.6753043730090131
DSS,Best genes-only: RSF [Genes],150.0,0.6743016514931727
DSS,Best genes-only: RSF [Genes],156.0,0.6694745012530614
DSS,Best genes-only: RSF [Genes],162.0,0.6670021924202467
DSS,Best genes-only: RSF [Genes],168.0,0.6670208926475707
DSS,Best genes-only: RSF [Genes],174.0,0.6543043748269394
DSS,Best genes-only: RSF [Genes],180.0,0.6595724670310783
