endpoint,configuration,decile,n,predicted_5y_risk,observed_5y_risk_KM
OS,Best: RSF [Clin+Genes+Mut],0,191,0.06956202219179547,0.031839179421563
OS,Best: RSF [Clin+Genes+Mut],1,190,0.10598196712890041,0.05411994921736496
OS,Best: RSF [Clin+Genes+Mut],2,190,0.13565986529560112,0.05364068504103958
OS,Best: RSF [Clin+Genes+Mut],3,190,0.1619786954516739,0.16142129226000212
OS,Best: RSF [Clin+Genes+Mut],4,190,0.18966568889946117,0.12959022105585338
OS,Best: RSF [Clin+Genes+Mut],5,190,0.21706792029152525,0.22557140148569632
OS,Best: RSF [Clin+Genes+Mut],6,190,0.24770007532481528,0.234116468639454
OS,Best: RSF [Clin+Genes+Mut],7,190,0.28159678128634685,0.3285157554583297
OS,Best: RSF [Clin+Genes+Mut],8,190,0.33151976514655307,0.40979074536704685
OS,Best: RSF [Clin+Genes+Mut],9,191,0.4207329940307259,0.575443546181794
OS,Clinical CoxPH,0,191,0.06087872402479326,0.06956242585653238
OS,Clinical CoxPH,1,190,0.09083063428801144,0.07425378141268979
OS,Clinical CoxPH,2,190,0.11292062100527218,0.14508635048654328
OS,Clinical CoxPH,3,190,0.13485468949696844,0.14998292924714351
OS,Clinical CoxPH,4,190,0.16153008798564814,0.16301306267242033
OS,Clinical CoxPH,5,190,0.19190784023885524,0.19239669326022657
OS,Clinical CoxPH,6,190,0.2277431755828036,0.23053033102792886
OS,Clinical CoxPH,7,190,0.27847977164098314,0.26524426125650125
OS,Clinical CoxPH,8,190,0.35446481424875703,0.36494228377727866
OS,Clinical CoxPH,9,191,0.5485339494960916,0.5435438455349962
OS,NPI alone,0,191,0.12710709638525342,0.09166055984879307
OS,NPI alone,1,190,0.16110650602576224,0.15406307409753517
OS,NPI alone,2,190,0.1686037372996824,0.08516787603000886
OS,NPI alone,3,190,0.19315242284296655,0.12297606479687373
OS,NPI alone,4,190,0.20898584672326517,0.16271062034454586
OS,NPI alone,5,190,0.2146096093136433,0.2298969566156127
OS,NPI alone,6,190,0.22926842446349605,0.20253783940927694
OS,NPI alone,7,190,0.2660541880416627,0.2962369549131423
OS,NPI alone,8,190,0.28205800254127156,0.3661409905428278
OS,NPI alone,9,191,0.34331980035954246,0.49807082310315975
OS,Best genes-only: ExtraSurvTrees [Genes],0,191,0.10979415977908241,0.06916255221211365
OS,Best genes-only: ExtraSurvTrees [Genes],1,190,0.13712169869002486,0.11876495909364382
OS,Best genes-only: ExtraSurvTrees [Genes],2,190,0.15593508191318164,0.13905266455894516
OS,Best genes-only: ExtraSurvTrees [Genes],3,190,0.17637970842314304,0.1417134643406468
OS,Best genes-only: ExtraSurvTrees [Genes],4,190,0.19728746280371132,0.19189057310604285
OS,Best genes-only: ExtraSurvTrees [Genes],5,190,0.21920971540531112,0.1963429229052378
OS,Best genes-only: ExtraSurvTrees [Genes],6,190,0.24420798301216176,0.26577233181866133
OS,Best genes-only: ExtraSurvTrees [Genes],7,190,0.2747915927622676,0.34165558510638305
OS,Best genes-only: ExtraSurvTrees [Genes],8,190,0.3064304245343393,0.35344124319645165
OS,Best genes-only: ExtraSurvTrees [Genes],9,191,0.34385907152166434,0.3874793037096701
