threshold,net_benefit_model,net_benefit_treat_all,net_benefit_treat_none,endpoint,configuration
0.02,0.1610661166478572,0.16148986948963645,0.0,DSS,Best: RSF [Clin+Genes]
0.04,0.1458831474847612,0.14402090843733723,0.0,DSS,Best: RSF [Clin+Genes]
0.06,0.1333942885874353,0.1258085873402593,0.0,DSS,Best: RSF [Clin+Genes]
0.08,0.12111448339949946,0.10680442619548232,0.0,DSS,Best: RSF [Clin+Genes]
0.1,0.11240277570643109,0.08695563566649303,0.0,DSS,Best: RSF [Clin+Genes]
0.12000000000000001,0.10195983019661178,0.06620462738618606,0.0,DSS,Best: RSF [Clin+Genes]
0.13999999999999999,0.09653060511610137,0.04448845593005085,0.0,DSS,Best: RSF [Clin+Genes]
0.16,0.08784329024336962,0.021738181071242535,0.0,DSS,Best: RSF [Clin+Genes]
0.18,0.07956488555609144,-0.002121863292873477,0.0,DSS,Best: RSF [Clin+Genes]
0.19999999999999998,0.07586068323829834,-0.027174909875195302,0.0,DSS,Best: RSF [Clin+Genes]
0.22,0.06665578900723224,-0.05351272807712343,0.0,DSS,Best: RSF [Clin+Genes]
0.24,0.06115322415314646,-0.08123674723704771,0.0,DSS,Best: RSF [Clin+Genes]
0.26,0.05405616958200593,-0.11045936202723822,0.0,DSS,Best: RSF [Clin+Genes]
0.28,0.04759356253377971,-0.14130545541688372,0.0,DSS,Best: RSF [Clin+Genes]
0.30000000000000004,0.04341379263559399,-0.17391418271450904,0.0,DSS,Best: RSF [Clin+Genes]
0.32,0.033447100350589704,-0.20844107044140636,0.0,DSS,Best: RSF [Clin+Genes]
0.34,0.032559628446930514,-0.24506049681841868,0.0,DSS,Best: RSF [Clin+Genes]
0.36000000000000004,0.027679467469132555,-0.28396863734399436,0.0,DSS,Best: RSF [Clin+Genes]
0.38,0.026116014758186604,-0.32538698048412296,0.0,DSS,Best: RSF [Clin+Genes]
0.4,0.016550197942747775,-0.36956654650026055,0.0,DSS,Best: RSF [Clin+Genes]
0.42000000000000004,0.0156983744172072,-0.41679297913820057,0.0,DSS,Best: RSF [Clin+Genes]
0.44,0.013230355926079391,-0.46739272839313617,0.0,DSS,Best: RSF [Clin+Genes]
0.46,0.00536669779571987,-0.5217406072225116,0.0,DSS,Best: RSF [Clin+Genes]
0.48000000000000004,0.0005906981900944651,-0.5802690921156851,0.0,DSS,Best: RSF [Clin+Genes]
0.5,-0.0020226387084802382,-0.6434798558003125,0.0,DSS,Best: RSF [Clin+Genes]
0.52,-0.002210149160727498,-0.7119581831253255,0.0,DSS,Best: RSF [Clin+Genes]
0.54,-0.003085996433959677,-0.7863911476090355,0.0,DSS,Best: RSF [Clin+Genes]
0.56,-0.001338304177420897,-0.8675907452276281,0.0,DSS,Best: RSF [Clin+Genes]
0.5800000000000001,0.0,-0.9565236378575153,0.0,DSS,Best: RSF [Clin+Genes]
0.6,0.0,-1.0543498197503904,0.0,DSS,Best: RSF [Clin+Genes]
0.62,0.0,-1.1624734944740953,0.0,DSS,Best: RSF [Clin+Genes]
0.64,0.0,-1.2826109108337675,0.0,DSS,Best: RSF [Clin+Genes]
0.66,0.0,-1.4168821408828127,0.0,DSS,Best: RSF [Clin+Genes]
0.68,0.0,-1.5679372746879887,0.0,DSS,Best: RSF [Clin+Genes]
0.7000000000000001,0.0,-1.7391330930005213,0.0,DSS,Best: RSF [Clin+Genes]
0.7200000000000001,0.0,-1.9347854567862734,0.0,DSS,Best: RSF [Clin+Genes]
0.74,0.0,-2.16053818423137,0.0,DSS,Best: RSF [Clin+Genes]
0.76,0.0,-2.4239163662506513,0.0,DSS,Best: RSF [Clin+Genes]
0.78,0.0,-2.735181490455256,0.0,DSS,Best: RSF [Clin+Genes]
0.8,0.0,-3.1086996395007827,0.0,DSS,Best: RSF [Clin+Genes]
0.02,0.1615353715822904,0.16148986948963645,0.0,DSS,Clinical CoxPH
0.04,0.14423095675637101,0.14402090843733723,0.0,DSS,Clinical CoxPH
0.06,0.12693567380278187,0.1258085873402593,0.0,DSS,Clinical CoxPH
0.08,0.11378461379188395,0.10680442619548232,0.0,DSS,Clinical CoxPH
0.1,0.10538025687108561,0.08695563566649303,0.0,DSS,Clinical CoxPH
0.12000000000000001,0.09596364952302974,0.06620462738618606,0.0,DSS,Clinical CoxPH
0.13999999999999999,0.08750526275373607,0.04448845593005085,0.0,DSS,Clinical CoxPH
0.16,0.08228562160442876,0.021738181071242535,0.0,DSS,Clinical CoxPH
0.18,0.0727960958190883,-0.002121863292873477,0.0,DSS,Clinical CoxPH
0.19999999999999998,0.06434932753368905,-0.027174909875195302,0.0,DSS,Clinical CoxPH
0.22,0.06085930660794429,-0.05351272807712343,0.0,DSS,Clinical CoxPH
0.24,0.05299071743378584,-0.08123674723704771,0.0,DSS,Clinical CoxPH
0.26,0.047847379129618825,-0.11045936202723822,0.0,DSS,Clinical CoxPH
0.28,0.04183928898601982,-0.14130545541688372,0.0,DSS,Clinical CoxPH
0.30000000000000004,0.03975100925022513,-0.17391418271450904,0.0,DSS,Clinical CoxPH
0.32,0.037950017338821446,-0.20844107044140636,0.0,DSS,Clinical CoxPH
0.34,0.03154293908615692,-0.24506049681841868,0.0,DSS,Clinical CoxPH
0.36000000000000004,0.023765929008417425,-0.28396863734399436,0.0,DSS,Clinical CoxPH
0.38,0.022592366449377527,-0.32538698048412296,0.0,DSS,Clinical CoxPH
0.4,0.019217272576455224,-0.36956654650026055,0.0,DSS,Clinical CoxPH
0.42000000000000004,0.0172999427093525,-0.41679297913820057,0.0,DSS,Clinical CoxPH
0.44,0.013332950757966915,-0.46739272839313617,0.0,DSS,Clinical CoxPH
0.46,0.011033620814180023,-0.5217406072225116,0.0,DSS,Clinical CoxPH
0.48000000000000004,0.009868806937857771,-0.5802690921156851,0.0,DSS,Clinical CoxPH
0.5,0.009760297032447527,-0.6434798558003125,0.0,DSS,Clinical CoxPH
0.52,0.0064785374672394706,-0.7119581831253255,0.0,DSS,Clinical CoxPH
0.54,0.0030515972297762723,-0.7863911476090355,0.0,DSS,Clinical CoxPH
0.56,0.001642782687961272,-0.8675907452276281,0.0,DSS,Clinical CoxPH
0.5800000000000001,-0.001183776661344135,-0.9565236378575153,0.0,DSS,Clinical CoxPH
0.6,-0.001219056904542241,-1.0543498197503904,0.0,DSS,Clinical CoxPH
0.62,-0.0014112568487464703,-1.1624734944740953,0.0,DSS,Clinical CoxPH
0.64,-0.0035111096274783645,-1.2826109108337675,0.0,DSS,Clinical CoxPH
0.66,-0.004087421272525435,-1.4168821408828127,0.0,DSS,Clinical CoxPH
0.68,-0.003628992507886436,-1.5679372746879887,0.0,DSS,Clinical CoxPH
0.7000000000000001,-0.004318762205197539,-1.7391330930005213,0.0,DSS,Clinical CoxPH
0.7200000000000001,-0.006590806669671028,-1.9347854567862734,0.0,DSS,Clinical CoxPH
0.74,-0.005946384495280392,-2.16053818423137,0.0,DSS,Clinical CoxPH
0.76,-0.005126182965299685,-2.4239163662506513,0.0,DSS,Clinical CoxPH
0.78,-0.004684064620973139,-2.735181490455256,0.0,DSS,Clinical CoxPH
0.8,-0.005520504731861202,-3.1086996395007827,0.0,DSS,Clinical CoxPH
0.02,0.16148986948963645,0.16148986948963645,0.0,DSS,NPI alone
0.04,0.14403794579888018,0.14402090843733723,0.0,DSS,NPI alone
0.06,0.12333475138381836,0.1258085873402593,0.0,DSS,NPI alone
0.08,0.10764786544708085,0.10680442619548232,0.0,DSS,NPI alone
0.1,0.09613291018009731,0.08695563566649303,0.0,DSS,NPI alone
0.12000000000000001,0.08734461976832718,0.06620462738618606,0.0,DSS,NPI alone
0.13999999999999999,0.07393314918411178,0.04448845593005085,0.0,DSS,NPI alone
0.16,0.06875871750201681,0.021738181071242535,0.0,DSS,NPI alone
0.18,0.0630238948910963,-0.002121863292873477,0.0,DSS,NPI alone
0.19999999999999998,0.05668676881437266,-0.027174909875195302,0.0,DSS,NPI alone
0.22,0.05002466191320164,-0.05351272807712343,0.0,DSS,NPI alone
0.24,0.04335200381065735,-0.08123674723704771,0.0,DSS,NPI alone
0.26,0.029106416953837068,-0.11045936202723822,0.0,DSS,NPI alone
0.28,0.026636135475672364,-0.14130545541688372,0.0,DSS,NPI alone
0.30000000000000004,0.02448294229067505,-0.17391418271450904,0.0,DSS,NPI alone
0.32,0.022203090683030835,-0.20844107044140636,0.0,DSS,NPI alone
0.34,0.01978506625068091,-0.24506049681841868,0.0,DSS,NPI alone
0.36000000000000004,0.015520020595521652,-0.28396863734399436,0.0,DSS,NPI alone
0.38,-0.0025109405689954373,-0.32538698048412296,0.0,DSS,NPI alone
0.4,0.0006382270164754763,-0.36956654650026055,0.0,DSS,NPI alone
0.42000000000000004,0.0005257623554153522,-0.41679297913820057,0.0,DSS,NPI alone
0.44,0.0,-0.46739272839313617,0.0,DSS,NPI alone
0.46,0.0,-0.5217406072225116,0.0,DSS,NPI alone
0.48000000000000004,0.0,-0.5802690921156851,0.0,DSS,NPI alone
0.5,0.0,-0.6434798558003125,0.0,DSS,NPI alone
0.52,0.0,-0.7119581831253255,0.0,DSS,NPI alone
0.54,0.0,-0.7863911476090355,0.0,DSS,NPI alone
0.56,0.0,-0.8675907452276281,0.0,DSS,NPI alone
0.5800000000000001,0.0,-0.9565236378575153,0.0,DSS,NPI alone
0.6,0.0,-1.0543498197503904,0.0,DSS,NPI alone
0.62,0.0,-1.1624734944740953,0.0,DSS,NPI alone
0.64,0.0,-1.2826109108337675,0.0,DSS,NPI alone
0.66,0.0,-1.4168821408828127,0.0,DSS,NPI alone
0.68,0.0,-1.5679372746879887,0.0,DSS,NPI alone
0.7000000000000001,0.0,-1.7391330930005213,0.0,DSS,NPI alone
0.7200000000000001,0.0,-1.9347854567862734,0.0,DSS,NPI alone
0.74,0.0,-2.16053818423137,0.0,DSS,NPI alone
0.76,0.0,-2.4239163662506513,0.0,DSS,NPI alone
0.78,0.0,-2.735181490455256,0.0,DSS,NPI alone
0.8,0.0,-3.1086996395007827,0.0,DSS,NPI alone
0.02,0.16148986948963645,0.16148986948963645,0.0,DSS,Best genes-only: RSF [Genes]
0.04,0.14355259910353696,0.14402090843733723,0.0,DSS,Best genes-only: RSF [Genes]
0.06,0.12907528742876906,0.1258085873402593,0.0,DSS,Best genes-only: RSF [Genes]
0.08,0.11568477709789413,0.10680442619548232,0.0,DSS,Best genes-only: RSF [Genes]
0.1,0.10343686799885017,0.08695563566649303,0.0,DSS,Best genes-only: RSF [Genes]
0.12000000000000001,0.09387688707818725,0.06620462738618606,0.0,DSS,Best genes-only: RSF [Genes]
0.13999999999999999,0.08425230928349971,0.04448845593005085,0.0,DSS,Best genes-only: RSF [Genes]
0.16,0.07445202892896481,0.021738181071242535,0.0,DSS,Best genes-only: RSF [Genes]
0.18,0.06626839619267429,-0.002121863292873477,0.0,DSS,Best genes-only: RSF [Genes]
0.19999999999999998,0.05593555655100649,-0.027174909875195302,0.0,DSS,Best genes-only: RSF [Genes]
0.22,0.04700714780039575,-0.05351272807712343,0.0,DSS,Best genes-only: RSF [Genes]
0.24,0.04062582049546973,-0.08123674723704771,0.0,DSS,Best genes-only: RSF [Genes]
0.26,0.02671274752334763,-0.11045936202723822,0.0,DSS,Best genes-only: RSF [Genes]
0.28,0.01876216923358949,-0.14130545541688372,0.0,DSS,Best genes-only: RSF [Genes]
0.30000000000000004,0.012774164636361808,-0.17391418271450904,0.0,DSS,Best genes-only: RSF [Genes]
0.32,0.006083829095894888,-0.20844107044140636,0.0,DSS,Best genes-only: RSF [Genes]
0.34,0.004436559122313572,-0.24506049681841868,0.0,DSS,Best genes-only: RSF [Genes]
0.36000000000000004,0.0028191820146866685,-0.28396863734399436,0.0,DSS,Best genes-only: RSF [Genes]
0.38,0.0013161207756273718,-0.32538698048412296,0.0,DSS,Best genes-only: RSF [Genes]
0.4,-0.00025192779530319124,-0.36956654650026055,0.0,DSS,Best genes-only: RSF [Genes]
0.42000000000000004,-0.0013778599659160962,-0.41679297913820057,0.0,DSS,Best genes-only: RSF [Genes]
0.44,-0.0012392969806219016,-0.46739272839313617,0.0,DSS,Best genes-only: RSF [Genes]
0.46,0.0,-0.5217406072225116,0.0,DSS,Best genes-only: RSF [Genes]
0.48000000000000004,0.0,-0.5802690921156851,0.0,DSS,Best genes-only: RSF [Genes]
0.5,0.0,-0.6434798558003125,0.0,DSS,Best genes-only: RSF [Genes]
0.52,0.0,-0.7119581831253255,0.0,DSS,Best genes-only: RSF [Genes]
0.54,0.0,-0.7863911476090355,0.0,DSS,Best genes-only: RSF [Genes]
0.56,0.0,-0.8675907452276281,0.0,DSS,Best genes-only: RSF [Genes]
0.5800000000000001,0.0,-0.9565236378575153,0.0,DSS,Best genes-only: RSF [Genes]
0.6,0.0,-1.0543498197503904,0.0,DSS,Best genes-only: RSF [Genes]
0.62,0.0,-1.1624734944740953,0.0,DSS,Best genes-only: RSF [Genes]
0.64,0.0,-1.2826109108337675,0.0,DSS,Best genes-only: RSF [Genes]
0.66,0.0,-1.4168821408828127,0.0,DSS,Best genes-only: RSF [Genes]
0.68,0.0,-1.5679372746879887,0.0,DSS,Best genes-only: RSF [Genes]
0.7000000000000001,0.0,-1.7391330930005213,0.0,DSS,Best genes-only: RSF [Genes]
0.7200000000000001,0.0,-1.9347854567862734,0.0,DSS,Best genes-only: RSF [Genes]
0.74,0.0,-2.16053818423137,0.0,DSS,Best genes-only: RSF [Genes]
0.76,0.0,-2.4239163662506513,0.0,DSS,Best genes-only: RSF [Genes]
0.78,0.0,-2.735181490455256,0.0,DSS,Best genes-only: RSF [Genes]
0.8,0.0,-3.1086996395007827,0.0,DSS,Best genes-only: RSF [Genes]
