endpoint,model,variable,HR,HR_ci_low,HR_ci_high,p_value,n,events
DSS,univariable | All,ML_risk_score_per_SD,2.1479826612002224,1.9654760487512897,2.3474361418690686,6.78426354052954e-64,1902,622
DSS,multivariable | All,ML_risk_score_per_SD,2.1641315306449322,1.8495019842049532,2.53228454034066,5.87817686631164e-22,1896,619
DSS,multivariable | All,age_at_diagnosis,1.0068625583639474,1.0000839397045342,1.0136871228376123,0.047216403200322554,1896,619
DSS,multivariable | All,nottingham_prognostic_index,1.0901192960469837,0.9836338022743589,1.2081326169009687,0.09989898906939315,1896,619
DSS,multivariable | All,er_status_Positive,1.0185656640728469,0.7667143184036098,1.3531454769076283,0.898989421865175,1896,619
DSS,multivariable | All,her2_status_Positive,1.0559952837922864,0.8269375255704611,1.3485009506882448,0.6622973718360401,1896,619
DSS,multivariable | All,pam50_+_claudin-low_subtype_Her2,1.225089803857034,0.8809492585403081,1.703667961536509,0.22757690734906322,1896,619
DSS,multivariable | All,pam50_+_claudin-low_subtype_LumA,1.3622732291130022,0.9276681237951426,2.0004873544278223,0.11479362148458432,1896,619
DSS,multivariable | All,pam50_+_claudin-low_subtype_LumB,1.413736893123297,0.9841360968075672,2.030869520446742,0.061003119154022165,1896,619
DSS,multivariable | All,pam50_+_claudin-low_subtype_Normal,2.023532723866737,1.3333418552913392,3.070993885258957,0.0009273165043830273,1896,619
DSS,multivariable | All,pam50_+_claudin-low_subtype_claudin-low,1.0655839712172515,0.7510918565400881,1.5117581023254307,0.7218535602803646,1896,619
DSS,clinical-only reference | All,age_at_diagnosis,1.0090077015169756,1.002099159913628,1.0159638710886867,0.0105208548001804,1896,619
DSS,clinical-only reference | All,nottingham_prognostic_index,1.5815482274182238,1.462049710765758,1.710813782343732,2.7616422523675287e-30,1896,619
DSS,clinical-only reference | All,er_status_Positive,0.7971098988841533,0.5990091742741318,1.0607253080373131,0.11980684446121623,1896,619
DSS,clinical-only reference | All,her2_status_Positive,1.361562885657094,1.067489903434752,1.7366473309339223,0.012915871849159807,1896,619
DSS,clinical-only reference | All,pam50_+_claudin-low_subtype_Her2,1.153668780314731,0.8310903839969146,1.6014523574102864,0.3929441422354576,1896,619
DSS,clinical-only reference | All,pam50_+_claudin-low_subtype_LumA,0.7102094817526058,0.49124522034749174,1.0267733650711341,0.06883310999086109,1896,619
DSS,clinical-only reference | All,pam50_+_claudin-low_subtype_LumB,1.17721332366203,0.8173836456873271,1.6954476844738877,0.38071397971996057,1896,619
DSS,clinical-only reference | All,pam50_+_claudin-low_subtype_Normal,1.2388692423111611,0.8183376329580734,1.8755058275845713,0.3113366929196659,1896,619
DSS,clinical-only reference | All,pam50_+_claudin-low_subtype_claudin-low,0.7158906645444696,0.5065442501747845,1.0117565117066927,0.058254916789659716,1896,619
DSS,multivariable | TNBC,ML_risk_score_per_SD,1.8520798517955692,1.1208350808304886,3.0603965169304597,0.016164502839622154,298,113
DSS,multivariable | TNBC,age_at_diagnosis,1.0036873201315,0.9896657565335589,1.0179075409472271,0.608115959721923,298,113
DSS,multivariable | TNBC,nottingham_prognostic_index,1.2942274323807574,0.9231895347572244,1.8143886858156137,0.1345683079882047,298,113
DSS,multivariable | Basal,ML_risk_score_per_SD,1.45128817840381,0.6916856115674199,3.045079067065935,0.3245936597238953,199,81
DSS,multivariable | Basal,age_at_diagnosis,1.0007485457490608,0.9837540917027892,1.018036580752979,0.9317621431467075,199,81
DSS,multivariable | Basal,nottingham_prognostic_index,1.290742862207117,0.838365793087514,1.9872198389715445,0.2463646066412083,199,81
DSS,multivariable | HER2-enriched,ML_risk_score_per_SD,2.061372796773539,1.2430029446793989,3.418542027970779,0.005065004327993224,220,107
DSS,multivariable | HER2-enriched,age_at_diagnosis,0.9987963569495889,0.983132864227432,1.014709403941758,0.8812854542947269,220,107
DSS,multivariable | HER2-enriched,nottingham_prognostic_index,1.210372787294405,0.9399641133403724,1.5585725704108149,0.13885896504044215,220,107
DSS,multivariable | Claudin-low,ML_risk_score_per_SD,1.6268107052276468,1.0251374118705758,2.5816178787331165,0.03888781200012491,198,56
DSS,multivariable | Claudin-low,age_at_diagnosis,1.0150012730402176,0.9928123208743693,1.037686139275489,0.1867215053089213,198,56
DSS,multivariable | Claudin-low,nottingham_prognostic_index,1.4624141821356154,0.9770503342733885,2.1888895229761656,0.06472270285108758,198,56
DSS,multivariable | Aggressive (Basal/HER2/CL),ML_risk_score_per_SD,1.8974217437970042,1.453397642861599,2.477098605131354,2.4897837204249946e-06,617,244
DSS,multivariable | Aggressive (Basal/HER2/CL),age_at_diagnosis,1.0037020348173407,0.9937406711304549,1.013763252288403,0.4677575631828069,617,244
DSS,multivariable | Aggressive (Basal/HER2/CL),nottingham_prognostic_index,1.2239224587198478,1.0226128055647283,1.4648615554267277,0.027531922320662084,617,244
DSS,multivariable | LumB,ML_risk_score_per_SD,2.1277736157927003,1.601860890285008,2.8263506447541826,1.860737051743779e-07,461,181
DSS,multivariable | LumB,age_at_diagnosis,1.0064483981039494,0.9930150353681007,1.020063485413914,0.3484655452980917,461,181
DSS,multivariable | LumB,nottingham_prognostic_index,1.107747866441814,0.9185012480097824,1.3359865740686745,0.28435519855259017,461,181
