endpoint,model,rank,feature,mean_abs_shap,direction_(corr_value_vs_shap),feature_type
OS,Global model | All,1,age_at_diagnosis,0.373031347990036,0.892124187931927,clinical
OS,Global model | All,2,nottingham_prognostic_index,0.15240813791751862,0.8445584202898162,clinical
OS,Global model | All,3,lymph_nodes_examined_positive,0.11363442242145538,0.919476860416845,clinical
OS,Global model | All,4,tumor_size,0.08966752141714096,0.7637330217246407,clinical
OS,Global model | All,5,stat5a,0.06261938810348511,-0.8573303289784954,gene
OS,Global model | All,6,map2k4,0.059011269360780716,-0.7163303889447583,gene
OS,Global model | All,7,vegfa,0.056520234793424606,0.8384057458834552,gene
OS,Global model | All,8,type_of_breast_surgery_BREAST CONSERVING,0.05341723561286926,-0.9646398301650597,clinical
OS,Global model | All,9,flt3,0.045833516865968704,-0.6004024355870894,gene
OS,Global model | All,10,gata3_mut,0.03678623586893082,-0.9600432010879103,mutation
OS,Global model | All,11,srd5a1,0.03425968810915947,0.6639888357724767,gene
OS,Global model | All,12,bcl2,0.033642783761024475,-0.8093116163733755,gene
OS,Global model | All,13,aurka,0.03302641585469246,0.9054206103099092,gene
OS,Global model | All,14,tubb4a,0.03197196498513222,0.5501264949992766,gene
OS,Global model | All,15,integrative_cluster_5,0.03167632222175598,0.945322404813063,clinical
OS,Global model | All,16,e2f2,0.030207596719264984,-0.38408320701787013,gene
OS,Global model | All,17,gsk3b,0.02867535501718521,0.8835955502834487,gene
OS,Global model | All,18,e2f3,0.026117760688066483,0.35931011522768513,gene
OS,Global model | All,19,slc19a1,0.02584066055715084,-0.7309474522245576,gene
OS,Global model | All,20,cdkn2c,0.025155743584036827,-0.7223728710169384,gene
OS,Global model | All,21,e2f7,0.023554885759949684,0.8341432137119241,gene
OS,Global model | All,22,ncoa3,0.02309960126876831,0.21104272037350782,gene
OS,Global model | All,23,e2f4,0.022644933313131332,0.5989375892085522,gene
OS,Global model | All,24,ahnak,0.022547485306859016,0.836550443440287,gene
OS,Global model | All,25,nfkb1,0.02244790643453598,-0.6372787313465516,gene
OS,Global model | All,26,aph1b,0.021705519407987595,0.3746270544953159,gene
OS,Global model | All,27,gata3,0.021124649792909622,-0.4741417046395222,gene
OS,Global model | All,28,lama2,0.021062452346086502,0.6001176481292324,gene
OS,Global model | All,29,eif4ebp1,0.020819054916501045,0.5569984866841713,gene
OS,Global model | All,30,cdk1,0.02072950080037117,-0.11401797587181771,gene
OS,Specific | TNBC,1,age_at_diagnosis,0.2323399782180786,0.8068447827799367,clinical
OS,Specific | TNBC,2,e2f6,0.2139463871717453,-0.853075421147005,gene
OS,Specific | TNBC,3,lymph_nodes_examined_positive,0.18299850821495056,0.8937256424329779,clinical
OS,Specific | TNBC,4,dlec1,0.16897252202033997,-0.5796642480084682,gene
OS,Specific | TNBC,5,rbpjl,0.16041909158229828,0.7976802808896526,gene
OS,Specific | TNBC,6,nottingham_prognostic_index,0.15228545665740967,0.8559647305534569,clinical
OS,Specific | TNBC,7,kdm3a,0.14834895730018616,0.7939801473099973,gene
OS,Specific | TNBC,8,kdr,0.12485922873020172,-0.8454235538056332,gene
OS,Specific | TNBC,9,nr3c1,0.11753778904676437,-0.18948355534898717,gene
OS,Specific | TNBC,10,cyp17a1,0.10905206948518753,0.8807779532190843,gene
OS,Specific | TNBC,11,prkcz,0.10741597414016724,0.764257740966813,gene
OS,Specific | TNBC,12,stat5b,0.1060086265206337,-0.6155343763591884,gene
OS,Specific | TNBC,13,tumor_size,0.10167606174945831,0.6421959936286827,clinical
OS,Specific | TNBC,14,mapk7,0.09192393720149994,0.8057114266970083,gene
OS,Specific | TNBC,15,hes1,0.08981022983789444,0.8456012633154574,gene
OS,Specific | TNBC,16,csf1r,0.08862489461898804,0.6815896728835318,gene
OS,Specific | TNBC,17,abcb1,0.08804813772439957,-0.5916815290311296,gene
OS,Specific | TNBC,18,shbg,0.08558574318885803,-0.7995647259693962,gene
OS,Specific | TNBC,19,akt1,0.07929813116788864,0.7781020191545248,gene
OS,Specific | TNBC,20,flt3,0.07788828760385513,-0.3041463529059489,gene
OS,Specific | TNBC,21,fancd2,0.0678151324391365,0.8111086997497878,gene
OS,Specific | TNBC,22,bcl2,0.06734845787286758,-0.7419798620015282,gene
OS,Specific | TNBC,23,ccnd2,0.06037088856101036,-0.5497862322875822,gene
OS,Specific | TNBC,24,pde4dip,0.060229845345020294,-0.5499795733594035,gene
OS,Specific | TNBC,25,ptpn22,0.05967143550515175,-0.7553828897744033,gene
OS,Specific | TNBC,26,setd1a,0.05036748945713043,0.7858651364184366,gene
OS,Specific | TNBC,27,integrative_cluster_10,0.048181287944316864,-0.9603658134534723,clinical
OS,Specific | TNBC,28,klrg1,0.0437479205429554,0.5474984648544052,gene
OS,Specific | TNBC,29,acvrl1,0.04134726896882057,-0.15996593941168755,gene
OS,Specific | TNBC,30,epcam,0.04088873788714409,-0.20678193613493956,gene
OS,Specific | Basal,1,ugt2b17,0.2763816714286804,-0.5077622350622539,gene
OS,Specific | Basal,2,map3k4,0.18678848445415497,0.7549390245521648,gene
OS,Specific | Basal,3,smad7,0.16597174108028412,0.7038572296517502,gene
OS,Specific | Basal,4,flt3,0.1612844467163086,-0.5207722432086976,gene
OS,Specific | Basal,5,acvr1b,0.1558435559272766,0.8697481020044798,gene
OS,Specific | Basal,6,cul1,0.15579579770565033,-0.8781732780276251,gene
OS,Specific | Basal,7,shbg,0.1490543931722641,-0.7238242406755774,gene
OS,Specific | Basal,8,hsd3b2,0.13733717799186707,-0.8606283697030541,gene
OS,Specific | Basal,9,prkcz,0.1342749148607254,0.8235311471270595,gene
OS,Specific | Basal,10,nottingham_prognostic_index,0.133668914437294,0.797030785476401,clinical
OS,Specific | Basal,11,bmp7,0.12219744175672531,-0.7615147414211506,gene
OS,Specific | Basal,12,e2f6,0.11857340484857559,-0.5688041888228312,gene
OS,Specific | Basal,13,type_of_breast_surgery_BREAST CONSERVING,0.11436503380537033,-0.9707446643808831,clinical
OS,Specific | Basal,14,age_at_diagnosis,0.11333826929330826,0.7309954130871364,clinical
OS,Specific | Basal,15,dll4,0.1111491397023201,0.8195036165351753,gene
OS,Specific | Basal,16,prkcq,0.11044157296419144,0.812843507632022,gene
OS,Specific | Basal,17,hes6,0.1080479845404625,-0.8285685392736395,gene
OS,Specific | Basal,18,kdm3a,0.10599533468484879,0.7171522440233156,gene
OS,Specific | Basal,19,hes1,0.10457787662744522,0.7746384291834123,gene
OS,Specific | Basal,20,rab25,0.10282862186431885,0.7451268352152792,gene
OS,Specific | Basal,21,folr1,0.09605459123849869,0.8633182132723453,gene
OS,Specific | Basal,22,map3k10,0.0957789421081543,-0.687022555529197,gene
OS,Specific | Basal,23,apc,0.0950571820139885,0.9169488362537966,gene
OS,Specific | Basal,24,lymph_nodes_examined_positive,0.08990780264139175,0.9232229688401852,clinical
OS,Specific | Basal,25,prkg1,0.08757913112640381,0.8278841840892815,gene
OS,Specific | Basal,26,ccnd2,0.08461727201938629,-0.6028863104373507,gene
OS,Specific | Basal,27,brca2,0.08170372247695923,-0.7586885873859247,gene
OS,Specific | Basal,28,ugt2b7,0.08170302212238312,-0.3053439380599493,gene
OS,Specific | Basal,29,smad5,0.07904461026191711,0.5267347758182195,gene
OS,Specific | Basal,30,bmp15,0.07732251286506653,0.6941246079002206,gene
OS,Specific | HER2-enriched,1,lymph_nodes_examined_positive,0.3119729459285736,0.7545291945944075,clinical
OS,Specific | HER2-enriched,2,nottingham_prognostic_index,0.19685626029968262,0.8072475318473935,clinical
OS,Specific | HER2-enriched,3,acvr2b,0.18707893788814545,0.017524456189934888,gene
OS,Specific | HER2-enriched,4,dll4,0.16709327697753906,0.9051973258698619,gene
OS,Specific | HER2-enriched,5,rbpj,0.1667850911617279,-0.9080564954230588,gene
OS,Specific | HER2-enriched,6,itch,0.12541554868221283,-0.4320825458294038,gene
OS,Specific | HER2-enriched,7,map2,0.12423970550298691,0.7767390371316224,gene
OS,Specific | HER2-enriched,8,eif5a2,0.12214429676532745,-0.7130895206157761,gene
OS,Specific | HER2-enriched,9,prkacg,0.1205737441778183,-0.6086463695678723,gene
OS,Specific | HER2-enriched,10,cdkn1a,0.11206649988889694,0.8004402273274213,gene
OS,Specific | HER2-enriched,11,fbxw7,0.11161062866449356,-0.7225694746953005,gene
OS,Specific | HER2-enriched,12,hes5,0.10034629702568054,0.7926065505802725,gene
OS,Specific | HER2-enriched,13,maml2,0.09849860519170761,0.7680092760407867,gene
OS,Specific | HER2-enriched,14,age_at_diagnosis,0.09087765216827393,0.4836868235482729,clinical
OS,Specific | HER2-enriched,15,ctcf,0.08522064238786697,0.6089335343992499,gene
OS,Specific | HER2-enriched,16,ctbp1,0.08329909294843674,-0.41556884809840333,gene
OS,Specific | HER2-enriched,17,arid1a,0.08115506917238235,0.7808221198769776,gene
OS,Specific | HER2-enriched,18,tumor_size,0.08105351775884628,0.6662982692538862,clinical
OS,Specific | HER2-enriched,19,smad1,0.07622937113046646,0.6848852114669123,gene
OS,Specific | HER2-enriched,20,bcl2,0.07515077292919159,-0.5127941006994062,gene
OS,Specific | HER2-enriched,21,hsd17b13,0.06589014828205109,-0.869288793454423,gene
OS,Specific | HER2-enriched,22,cxcl8,0.05205562710762024,-0.44103412471657544,gene
OS,Specific | HER2-enriched,23,hes1,0.05100623518228531,0.856692189881352,gene
OS,Specific | HER2-enriched,24,mapk9,0.04696612432599068,0.4162416227009914,gene
OS,Specific | HER2-enriched,25,ahnak2_mut,0.042604729533195496,-0.9612789279202416,mutation
OS,Specific | HER2-enriched,26,mapk14,0.04004573076963425,0.8343760834107099,gene
OS,Specific | HER2-enriched,27,kmt2c,0.03575306013226509,-0.16738466950955974,gene
OS,Specific | HER2-enriched,28,large1,0.03395562246441841,-0.5864806130617694,gene
OS,Specific | HER2-enriched,29,srd5a1,0.030787955969572067,0.6211229184770565,gene
OS,Specific | HER2-enriched,30,3-gene_classifier_subtype_ER+/HER2- High Prolif,0.026277147233486176,0.9779742275478024,clinical
OS,Specific | Claudin-low,1,age_at_diagnosis,0.28211504220962524,0.6470977750128217,clinical
OS,Specific | Claudin-low,2,rps6,0.19750024378299713,-0.8221702154103823,gene
OS,Specific | Claudin-low,3,ttyh1,0.18495717644691467,-0.8429395633122301,gene
OS,Specific | Claudin-low,4,nottingham_prognostic_index,0.1835724413394928,0.6416446267682485,clinical
OS,Specific | Claudin-low,5,lymph_nodes_examined_positive,0.17703528702259064,0.8629705057948143,clinical
OS,Specific | Claudin-low,6,akap9,0.17634806036949158,-0.7247762267321086,gene
OS,Specific | Claudin-low,7,mmp13,0.16795051097869873,0.7167302990068956,gene
OS,Specific | Claudin-low,8,stat5b,0.15873423218727112,-0.7935800481714715,gene
OS,Specific | Claudin-low,9,shbg,0.15642356872558594,-0.8205022404022893,gene
OS,Specific | Claudin-low,10,kit,0.15500696003437042,-0.6681852205096356,gene
OS,Specific | Claudin-low,11,tumor_size,0.14647647738456726,0.7322986530973511,clinical
OS,Specific | Claudin-low,12,adam17,0.141343891620636,0.7872934918125533,gene
OS,Specific | Claudin-low,13,mapt,0.12924721837043762,-0.007067934036555727,gene
OS,Specific | Claudin-low,14,frmd3,0.12894296646118164,-0.6436628593221688,gene
OS,Specific | Claudin-low,15,shank2,0.1286851465702057,-0.7887406813615282,gene
OS,Specific | Claudin-low,16,tbx3,0.1274138242006302,-0.7782853090702033,gene
OS,Specific | Claudin-low,17,e2f4,0.11345643550157547,0.7739952317456616,gene
OS,Specific | Claudin-low,18,map2k2,0.11052700877189636,0.7599185071187254,gene
OS,Specific | Claudin-low,19,rad51d,0.09827791154384613,-0.8380829775547767,gene
OS,Specific | Claudin-low,20,dtx2,0.08019513636827469,-0.7396073139904618,gene
OS,Specific | Claudin-low,21,dnah11,0.07691546529531479,0.8881502990361617,gene
OS,Specific | Claudin-low,22,tubb4a,0.0766879990696907,0.48903786785002834,gene
OS,Specific | Claudin-low,23,bmp7,0.07142166793346405,0.8210395176899752,gene
OS,Specific | Claudin-low,24,nr3c1,0.0676274374127388,-0.857522684049973,gene
OS,Specific | Claudin-low,25,tgfbr3,0.06627754867076874,0.8020215065155103,gene
OS,Specific | Claudin-low,26,tumor_stage,0.06573265045881271,0.6570245830470305,clinical
OS,Specific | Claudin-low,27,smarcb1,0.06193578988313675,0.6512736701094604,gene
OS,Specific | Claudin-low,28,eif4ebp1,0.06146179884672165,0.7387330654272667,gene
OS,Specific | Claudin-low,29,ccne1,0.04944635182619095,0.3150339328610629,gene
OS,Specific | Claudin-low,30,rps6kb2,0.0402555987238884,-0.09877399758452654,gene
OS,Specific | Aggressive (Basal/HER2/CL),1,lymph_nodes_examined_positive,0.20850910246372223,0.9102134912667871,clinical
OS,Specific | Aggressive (Basal/HER2/CL),2,age_at_diagnosis,0.17500300705432892,0.797567422112123,clinical
OS,Specific | Aggressive (Basal/HER2/CL),3,tumor_size,0.14388954639434814,0.6249029502761554,clinical
OS,Specific | Aggressive (Basal/HER2/CL),4,shbg,0.12600958347320557,-0.7873408427960324,gene
OS,Specific | Aggressive (Basal/HER2/CL),5,nottingham_prognostic_index,0.11882941424846649,0.837780819651688,clinical
OS,Specific | Aggressive (Basal/HER2/CL),6,rbpj,0.11737716943025589,-0.9059628456243002,gene
OS,Specific | Aggressive (Basal/HER2/CL),7,ptpn22,0.11418331414461136,-0.7107410189147833,gene
OS,Specific | Aggressive (Basal/HER2/CL),8,arrdc1,0.08985242247581482,0.5714090039989803,gene
OS,Specific | Aggressive (Basal/HER2/CL),9,csf1r,0.060852836817502975,0.803634692384997,gene
OS,Specific | Aggressive (Basal/HER2/CL),10,rab25,0.05997847393155098,-0.5033118252942625,gene
OS,Specific | Aggressive (Basal/HER2/CL),11,dnah11,0.05955583229660988,0.6560528897635753,gene
OS,Specific | Aggressive (Basal/HER2/CL),12,bcl2,0.056893087923526764,-0.7939863715582098,gene
OS,Specific | Aggressive (Basal/HER2/CL),13,ccnd2,0.05620367079973221,-0.5010959961976819,gene
OS,Specific | Aggressive (Basal/HER2/CL),14,stat5b,0.055573467165231705,-0.6089425125557748,gene
OS,Specific | Aggressive (Basal/HER2/CL),15,epcam,0.05225801467895508,0.3456329545772285,gene
OS,Specific | Aggressive (Basal/HER2/CL),16,hes1,0.04750168323516846,0.8064896914594044,gene
OS,Specific | Aggressive (Basal/HER2/CL),17,dab2,0.04416663572192192,0.7490866949392327,gene
OS,Specific | Aggressive (Basal/HER2/CL),18,chek1,0.0372634157538414,-0.07863481592103062,gene
OS,Specific | Aggressive (Basal/HER2/CL),19,mmp15,0.033042144030332565,-0.7072241838826103,gene
OS,Specific | Aggressive (Basal/HER2/CL),20,eif4ebp1,0.032488200813531876,0.5661378529668034,gene
OS,Specific | Aggressive (Basal/HER2/CL),21,nr3c1,0.032268792390823364,-0.687586069214387,gene
OS,Specific | Aggressive (Basal/HER2/CL),22,aurka,0.03142298012971878,0.593600882011407,gene
OS,Specific | Aggressive (Basal/HER2/CL),23,rdh5,0.031187474727630615,-0.6651665994846303,gene
OS,Specific | Aggressive (Basal/HER2/CL),24,klrg1,0.03091813623905182,-0.5084138546242195,gene
OS,Specific | Aggressive (Basal/HER2/CL),25,flt3,0.03039051592350006,-0.19346153225266755,gene
OS,Specific | Aggressive (Basal/HER2/CL),26,abcb1,0.028515974059700966,-0.1359254916261062,gene
OS,Specific | Aggressive (Basal/HER2/CL),27,stat5a,0.02785789594054222,-0.3214088611724814,gene
OS,Specific | Aggressive (Basal/HER2/CL),28,pik3ca_mut,0.027593934908509254,0.8769314093029504,mutation
OS,Specific | Aggressive (Basal/HER2/CL),29,cyp11a1,0.026099691167473793,-0.5669669234458283,gene
OS,Specific | Aggressive (Basal/HER2/CL),30,acvrl1,0.0255652517080307,0.17926144849255776,gene
OS,Specific | LumB,1,age_at_diagnosis,0.26357734203338623,0.7821650366094663,clinical
OS,Specific | LumB,2,lymph_nodes_examined_positive,0.24886536598205566,0.695941907789058,clinical
OS,Specific | LumB,3,tumor_size,0.16393809020519257,0.764616736539727,clinical
OS,Specific | LumB,4,nottingham_prognostic_index,0.15097376704216003,0.8845764334919006,clinical
OS,Specific | LumB,5,bmf,0.1211799681186676,0.5862112827981222,gene
OS,Specific | LumB,6,flt3,0.10994819551706314,-0.8721318187482362,gene
OS,Specific | LumB,7,dll3,0.10806247591972351,0.6082801125376269,gene
OS,Specific | LumB,8,acvr1b,0.10323106497526169,0.6520075231881992,gene
OS,Specific | LumB,9,nr2f1,0.09187920391559601,0.7035771394773364,gene
OS,Specific | LumB,10,peg3,0.08957816660404205,0.8254503334466236,gene
OS,Specific | LumB,11,nek1,0.08893788605928421,-0.6472424948801483,gene
OS,Specific | LumB,12,adgra2,0.08403530716896057,0.49064785215677154,gene
OS,Specific | LumB,13,akap9,0.07877695560455322,-0.7596655980418604,gene
OS,Specific | LumB,14,foxo3,0.07362527400255203,-0.26103349731322856,gene
OS,Specific | LumB,15,tp53_mut,0.0642971470952034,0.9713241957436446,mutation
OS,Specific | LumB,16,stat2,0.06248926743865013,0.3772143584266164,gene
OS,Specific | LumB,17,bard1,0.05985172465443611,0.6776656654370812,gene
OS,Specific | LumB,18,cyb5a,0.059109754860401154,-0.7146992808903644,gene
OS,Specific | LumB,19,pms2,0.05272896587848663,-0.8087412425874501,gene
OS,Specific | LumB,20,ncoa3,0.047431085258722305,-0.12238674951942971,gene
OS,Specific | LumB,21,mecom,0.042751383036375046,0.47164654014336155,gene
OS,Specific | LumB,22,hsd17b7,0.038602523505687714,-0.3869838726627286,gene
OS,Specific | LumB,23,tumor_stage,0.03704751655459404,0.7923816019807804,clinical
OS,Specific | LumB,24,map3k4,0.03596680238842964,0.4549791779594151,gene
OS,Specific | LumB,25,snw1,0.03233535215258598,-0.5721112351951326,gene
OS,Specific | LumB,26,casp6,0.03202765807509422,-0.46025771620120093,gene
OS,Specific | LumB,27,pdgfrb,0.03167955204844475,0.7310061106242233,gene
OS,Specific | LumB,28,map4,0.03093111887574196,0.21130157222284343,gene
OS,Specific | LumB,29,mutation_count,0.02978246659040451,-0.2119824678747926,clinical
OS,Specific | LumB,30,smad4,0.02847347781062126,-0.1720816749906756,gene
OS,Specific | LumA,1,age_at_diagnosis,0.698718249797821,0.9459368559754601,clinical
OS,Specific | LumA,2,acvr2a,0.09963420033454895,-0.5338496310292604,gene
OS,Specific | LumA,3,type_of_breast_surgery_BREAST CONSERVING,0.09650621563196182,-0.9674234757561881,clinical
OS,Specific | LumA,4,nottingham_prognostic_index,0.09069278836250305,0.6390710513691836,clinical
OS,Specific | LumA,5,ctcf,0.08441971987485886,0.21536919797376408,gene
OS,Specific | LumA,6,stat5a,0.08259810507297516,-0.7555585373626239,gene
OS,Specific | LumA,7,tumor_size,0.0791662409901619,0.8209962599148412,clinical
OS,Specific | LumA,8,her2_status_measured_by_snp6_GAIN,0.07826502621173859,0.978801234115337,clinical
OS,Specific | LumA,9,gsk3b,0.07210247963666916,0.7820626001666539,gene
OS,Specific | LumA,10,rps6ka2,0.06990005075931549,-0.6769929430473886,gene
OS,Specific | LumA,11,asxl2,0.06530627608299255,0.8188498604260875,gene
OS,Specific | LumA,12,bmp5,0.06419843435287476,-0.16737193723571853,gene
OS,Specific | LumA,13,smad4,0.06090295687317848,0.551744299412681,gene
OS,Specific | LumA,14,lymph_nodes_examined_positive,0.05097447708249092,0.8776773688358935,clinical
OS,Specific | LumA,15,sptbn1,0.04772939160466194,0.32483493253616913,gene
OS,Specific | LumA,16,pr_status_Negative,0.04740927740931511,0.8944003232872558,clinical
OS,Specific | LumA,17,rps6,0.04299800843000412,-0.7777231121150326,gene
OS,Specific | LumA,18,tgfb3,0.037130847573280334,-0.7437681969583725,gene
OS,Specific | LumA,19,mmp19,0.036792270839214325,0.3409419785345331,gene
OS,Specific | LumA,20,kit,0.03452533483505249,0.3610095942755492,gene
OS,Specific | LumA,21,abcb1,0.034399207681417465,-0.8784308538954199,gene
OS,Specific | LumA,22,mutation_count,0.03286314010620117,0.7032767230317656,clinical
OS,Specific | LumA,23,map3k13,0.02986172027885914,0.8038618061157817,gene
OS,Specific | LumA,24,cdkn2c,0.02881169691681862,-0.7904685615246287,gene
OS,Specific | LumA,25,spry2,0.027820952236652374,-0.38116112825440945,gene
OS,Specific | LumA,26,lama2,0.027735108509659767,0.5754388406207004,gene
OS,Specific | LumA,27,prkd1,0.022885631769895554,0.5376217820069872,gene
OS,Specific | LumA,28,lamb3,0.022472769021987915,-0.2898870546168077,gene
OS,Specific | LumA,29,chemotherapy_0,0.02221827208995819,-0.9865226122453833,clinical
OS,Specific | LumA,30,fas,0.022170400246977806,-0.5101123560674572,gene
DSS,Global model | All,1,lymph_nodes_examined_positive,0.21276460587978363,0.859335414514021,clinical
DSS,Global model | All,2,nottingham_prognostic_index,0.1948319524526596,0.8689896488844794,clinical
DSS,Global model | All,3,stat5a,0.19138388335704803,-0.8016721102239986,gene
DSS,Global model | All,4,tumor_size,0.1141049712896347,0.7398928549483907,clinical
DSS,Global model | All,5,aurka,0.10543300211429596,0.8985428259947584,gene
DSS,Global model | All,6,mlh1,0.06615960597991943,-0.8549702326800958,gene
DSS,Global model | All,7,age_at_diagnosis,0.06514403223991394,0.5987850198148418,clinical
DSS,Global model | All,8,pik3ca_mut,0.062331728637218475,0.9637904288665359,mutation
DSS,Global model | All,9,diras3,0.058607067912817,-0.7042553503178388,gene
DSS,Global model | All,10,hes6,0.054128579795360565,-0.9013799939096442,gene
DSS,Global model | All,11,rad51,0.05013308301568031,0.4692065869956601,gene
DSS,Global model | All,12,flt3,0.04754096642136574,-0.6921202879412188,gene
DSS,Global model | All,13,e2f3,0.04735812544822693,0.7079908599736273,gene
DSS,Global model | All,14,ccne1,0.046290379017591476,0.05618178778477172,gene
DSS,Global model | All,15,hsd17b8,0.0452519990503788,-0.8003970103891541,gene
DSS,Global model | All,16,map2k4,0.043661266565322876,-0.7746849018073662,gene
DSS,Global model | All,17,bard1,0.043027784675359726,0.5358044310187565,gene
DSS,Global model | All,18,nrip1,0.04267430305480957,-0.29440517991840803,gene
DSS,Global model | All,19,vegfa,0.04187869280576706,0.7763430846869803,gene
DSS,Global model | All,20,integrative_cluster_5,0.04144037887454033,0.9656060493135469,clinical
DSS,Global model | All,21,dll3,0.040805235505104065,0.904917029247508,gene
DSS,Global model | All,22,eif4ebp1,0.038521431386470795,0.3424004622925362,gene
DSS,Global model | All,23,type_of_breast_surgery_BREAST CONSERVING,0.03779220208525658,-0.939767634767615,clinical
DSS,Global model | All,24,stat5b,0.03766665235161781,-0.8012990365554029,gene
DSS,Global model | All,25,mapt,0.03671552613377571,-0.7086402774694002,gene
DSS,Global model | All,26,mmp9,0.033817846328020096,0.7201582020624099,gene
DSS,Global model | All,27,gata3_mut,0.031616128981113434,-0.9746550267656683,mutation
DSS,Global model | All,28,bcl2,0.03093012236058712,-0.6927793638313351,gene
DSS,Global model | All,29,e2f2,0.03083530254662037,-0.5060584876651504,gene
DSS,Global model | All,30,gsk3b,0.029560096561908722,0.8621530049003207,gene
DSS,Specific | TNBC,1,lymph_nodes_examined_positive,0.27264830470085144,0.8913379184606272,clinical
DSS,Specific | TNBC,2,dtx3,0.23924480378627777,0.5379530675835629,gene
DSS,Specific | TNBC,3,nottingham_prognostic_index,0.22427183389663696,0.885610991838606,clinical
DSS,Specific | TNBC,4,e2f6,0.21578283607959747,-0.8904876221176845,gene
DSS,Specific | TNBC,5,cyp21a2,0.1816767007112503,0.5008037400972197,gene
DSS,Specific | TNBC,6,kdr,0.17649893462657928,-0.8804109275369153,gene
DSS,Specific | TNBC,7,hes1,0.16054977476596832,0.7542808715748631,gene
DSS,Specific | TNBC,8,stat5b,0.15602533519268036,-0.7975928441467115,gene
DSS,Specific | TNBC,9,kdm3a,0.15374425053596497,0.7997235597607074,gene
DSS,Specific | TNBC,10,mmp1,0.15237440168857574,-0.8424129688688252,gene
DSS,Specific | TNBC,11,dlec1,0.14842936396598816,-0.7086387347297103,gene
DSS,Specific | TNBC,12,hsd17b14,0.1341261863708496,-0.7835389047606847,gene
DSS,Specific | TNBC,13,akt1,0.12204767763614655,0.8396783926164474,gene
DSS,Specific | TNBC,14,abcb1,0.11561286449432373,-0.6533710907066238,gene
DSS,Specific | TNBC,15,hsd3b7,0.11550414562225342,-0.8567852356498532,gene
DSS,Specific | TNBC,16,prkcz,0.10145459324121475,0.427168660410535,gene
DSS,Specific | TNBC,17,pde4dip,0.10089030116796494,-0.6307915615474602,gene
DSS,Specific | TNBC,18,tumor_size,0.09283485263586044,0.6690643982835155,clinical
DSS,Specific | TNBC,19,flt3,0.09085927903652191,-0.531598473686578,gene
DSS,Specific | TNBC,20,nfkb1,0.09055650234222412,0.7475502659548668,gene
DSS,Specific | TNBC,21,nr3c1,0.08741553127765656,-0.34329795907597777,gene
DSS,Specific | TNBC,22,csf1r,0.08665309846401215,0.7343065269830308,gene
DSS,Specific | TNBC,23,shbg,0.07757355272769928,-0.7745304077264733,gene
DSS,Specific | TNBC,24,fancd2,0.0742218866944313,0.7450419787665943,gene
DSS,Specific | TNBC,25,gsk3b,0.07314449548721313,0.7163083888283358,gene
DSS,Specific | TNBC,26,dll3,0.07084344327449799,0.8908342916781222,gene
DSS,Specific | TNBC,27,ccnd2,0.06390620768070221,-0.7561035879821102,gene
DSS,Specific | TNBC,28,rbpj,0.053677357733249664,-0.3272799360065326,gene
DSS,Specific | TNBC,29,cellularity_High,0.053267233073711395,-0.9329162363060941,clinical
DSS,Specific | TNBC,30,epcam,0.051137641072273254,0.09285809360505659,gene
DSS,Specific | Basal,1,map3k4,0.32904481887817383,0.7751083387195434,gene
DSS,Specific | Basal,2,ugt2b17,0.2557907998561859,-0.5809336468474323,gene
DSS,Specific | Basal,3,nottingham_prognostic_index,0.22102564573287964,0.8257766886432919,clinical
DSS,Specific | Basal,4,cul1,0.2156038135290146,-0.87757829512155,gene
DSS,Specific | Basal,5,acvr2b,0.21214476227760315,-0.6274652968402351,gene
DSS,Specific | Basal,6,hes1,0.20664721727371216,0.8546202774061042,gene
DSS,Specific | Basal,7,bmp6,0.2015918791294098,0.7363355679361463,gene
DSS,Specific | Basal,8,flt3,0.19764259457588196,-0.6583240147628946,gene
DSS,Specific | Basal,9,hsd3b2,0.16963760554790497,-0.8534183356250377,gene
DSS,Specific | Basal,10,type_of_breast_surgery_BREAST CONSERVING,0.16352872550487518,-0.9742614949619783,clinical
DSS,Specific | Basal,11,smad7,0.15530715882778168,0.39534111690973167,gene
DSS,Specific | Basal,12,lymph_nodes_examined_positive,0.1507359743118286,0.925456600519801,clinical
DSS,Specific | Basal,13,bmp15,0.139033243060112,0.8831668103832945,gene
DSS,Specific | Basal,14,rab25,0.1353241205215454,0.8340234569412411,gene
DSS,Specific | Basal,15,abcc1,0.13456867635250092,0.841205358936741,gene
DSS,Specific | Basal,16,prkcq,0.1282201111316681,0.8429419271371849,gene
DSS,Specific | Basal,17,cdk6,0.12792561948299408,0.7461999008708339,gene
DSS,Specific | Basal,18,e2f6,0.09374197572469711,-0.6960021478703797,gene
DSS,Specific | Basal,19,mdm2,0.08641839027404785,0.6532554979672538,gene
DSS,Specific | Basal,20,cir1,0.08550303429365158,-0.5937702894248971,gene
DSS,Specific | Basal,21,dll4,0.08231163024902344,0.8057933762152588,gene
DSS,Specific | Basal,22,cyp3a5,0.08115558326244354,-0.6735570663740007,gene
DSS,Specific | Basal,23,mmp1,0.07446052134037018,-0.9194792712146417,gene
DSS,Specific | Basal,24,palb2,0.07424592971801758,0.9109932300472494,gene
DSS,Specific | Basal,25,spry2,0.06760910153388977,0.7465137393054524,gene
DSS,Specific | Basal,26,bmp7,0.06364940106868744,-0.46370816167631773,gene
DSS,Specific | Basal,27,myc,0.06346125155687332,0.3122517709519832,gene
DSS,Specific | Basal,28,rps6kb2,0.05675644055008888,-0.729299500646142,gene
DSS,Specific | Basal,29,mmp3,0.05208820477128029,-0.7397073810276796,gene
DSS,Specific | Basal,30,brca2,0.05178379639983177,-0.3743559733078631,gene
DSS,Specific | HER2-enriched,1,lymph_nodes_examined_positive,0.43265387415885925,0.7199084091475694,clinical
DSS,Specific | HER2-enriched,2,smad1,0.21504484117031097,0.7989300156839818,gene
DSS,Specific | HER2-enriched,3,abcc1,0.2026105523109436,-0.775626464042402,gene
DSS,Specific | HER2-enriched,4,rbpj,0.18119004368782043,-0.8293870912950385,gene
DSS,Specific | HER2-enriched,5,nottingham_prognostic_index,0.17486560344696045,0.7575482071410218,clinical
DSS,Specific | HER2-enriched,6,map2,0.14068669080734253,0.7545421607392592,gene
DSS,Specific | HER2-enriched,7,smad6,0.13820476830005646,0.8289169343194991,gene
DSS,Specific | HER2-enriched,8,dll4,0.13296152651309967,0.8837086176278525,gene
DSS,Specific | HER2-enriched,9,cdkn1a,0.1163664236664772,0.70114149421234,gene
DSS,Specific | HER2-enriched,10,mmp16,0.11562091112136841,0.7840569092994851,gene
DSS,Specific | HER2-enriched,11,eif5a2,0.11073669791221619,-0.7336885932697766,gene
DSS,Specific | HER2-enriched,12,diras3,0.10887184739112854,0.612914688556784,gene
DSS,Specific | HER2-enriched,13,age_at_diagnosis,0.10787057876586914,-0.7925394929504957,clinical
DSS,Specific | HER2-enriched,14,fbxw7,0.10189634561538696,-0.0835774464199923,gene
DSS,Specific | HER2-enriched,15,mapt,0.09912116080522537,-0.48628629691092806,gene
DSS,Specific | HER2-enriched,16,men1,0.08895174413919449,0.8490547494074754,gene
DSS,Specific | HER2-enriched,17,map2k2,0.08703691512346268,0.4826480043463776,gene
DSS,Specific | HER2-enriched,18,vegfa,0.08602355420589447,0.8983693396350382,gene
DSS,Specific | HER2-enriched,19,hsd17b13,0.08270306885242462,-0.9095943544099222,gene
DSS,Specific | HER2-enriched,20,ctcf,0.07943665236234665,0.42665406101064046,gene
DSS,Specific | HER2-enriched,21,ttyh1,0.0764702558517456,0.856175875793026,gene
DSS,Specific | HER2-enriched,22,large1,0.07390541583299637,-0.03473369759584128,gene
DSS,Specific | HER2-enriched,23,ctbp1,0.06205441430211067,-0.16652415398696546,gene
DSS,Specific | HER2-enriched,24,tumor_size,0.061102382838726044,0.5511821821802371,clinical
DSS,Specific | HER2-enriched,25,syne1_mut,0.06055249646306038,-0.9806009957959072,mutation
DSS,Specific | HER2-enriched,26,cxcl8,0.056579917669296265,-0.0352788662493896,gene
DSS,Specific | HER2-enriched,27,bcl2,0.05180435627698898,-0.707403803151823,gene
DSS,Specific | HER2-enriched,28,cellularity_Moderate,0.04937659576535225,0.9493526431751673,clinical
DSS,Specific | HER2-enriched,29,igf1r,0.04878254979848862,0.05699368785146702,gene
DSS,Specific | HER2-enriched,30,chek1,0.03868066519498825,0.6574553571478103,gene
DSS,Specific | Claudin-low,1,frmd3,0.32100149989128113,-0.6112333962362186,gene
DSS,Specific | Claudin-low,2,shbg,0.31012868881225586,-0.8649516297721578,gene
DSS,Specific | Claudin-low,3,heyl,0.2777090072631836,0.9093973569776859,gene
DSS,Specific | Claudin-low,4,lymph_nodes_examined_positive,0.26613613963127136,0.8733854388830824,clinical
DSS,Specific | Claudin-low,5,shank2,0.24141758680343628,-0.8425842739407727,gene
DSS,Specific | Claudin-low,6,akap9,0.2293393462896347,-0.8169516581473749,gene
DSS,Specific | Claudin-low,7,stat5b,0.19189657270908356,-0.8421604053519988,gene
DSS,Specific | Claudin-low,8,ppp2r2a,0.18300114572048187,-0.794625166723949,gene
DSS,Specific | Claudin-low,9,tubb4a,0.1735662966966629,0.4560834360521326,gene
DSS,Specific | Claudin-low,10,tgfb2,0.1635463386774063,0.8733285990002532,gene
DSS,Specific | Claudin-low,11,tubb4b,0.15940174460411072,0.6578090695324043,gene
DSS,Specific | Claudin-low,12,nottingham_prognostic_index,0.15068601071834564,0.7945117417679791,clinical
DSS,Specific | Claudin-low,13,smarcb1,0.1333487182855606,0.7487087102640184,gene
DSS,Specific | Claudin-low,14,mmp11,0.1325514316558838,0.6120508306190467,gene
DSS,Specific | Claudin-low,15,large1,0.13220630586147308,-0.6753536765159671,gene
DSS,Specific | Claudin-low,16,bmp7,0.11934468895196915,0.7709519604684175,gene
DSS,Specific | Claudin-low,17,gata3,0.11440674960613251,-0.5627665245092435,gene
DSS,Specific | Claudin-low,18,mmp10,0.11261695623397827,0.7145310891446881,gene
DSS,Specific | Claudin-low,19,map2k4,0.09787237644195557,-0.8231207509114675,gene
DSS,Specific | Claudin-low,20,mapt,0.09565507620573044,-0.3000511152446978,gene
DSS,Specific | Claudin-low,21,pdgfb,0.0943889319896698,0.8822678767184899,gene
DSS,Specific | Claudin-low,22,cdk1,0.09433741867542267,0.7467487540090872,gene
DSS,Specific | Claudin-low,23,tumor_stage,0.09318752586841583,0.6573665635264633,clinical
DSS,Specific | Claudin-low,24,tbx3,0.09060531854629517,-0.8302327696107045,gene
DSS,Specific | Claudin-low,25,bcl2,0.06844819337129593,0.841550538729894,gene
DSS,Specific | Claudin-low,26,mutation_count,0.0682952031493187,0.8204576706052226,clinical
DSS,Specific | Claudin-low,27,age_at_diagnosis,0.06778895109891891,0.1574348750488396,clinical
DSS,Specific | Claudin-low,28,itch,0.06593602895736694,-0.7146440855992957,gene
DSS,Specific | Claudin-low,29,ccne1,0.06167878583073616,-0.5221959113833476,gene
DSS,Specific | Claudin-low,30,rad51d,0.06119855120778084,-0.4466455785861999,gene
DSS,Specific | Aggressive (Basal/HER2/CL),1,lymph_nodes_examined_positive,0.29344528913497925,0.845378547263889,clinical
DSS,Specific | Aggressive (Basal/HER2/CL),2,nottingham_prognostic_index,0.19165252149105072,0.8655095085185777,clinical
DSS,Specific | Aggressive (Basal/HER2/CL),3,rbpj,0.16954323649406433,-0.8624226065330997,gene
DSS,Specific | Aggressive (Basal/HER2/CL),4,shbg,0.14938069880008698,-0.8439629981500285,gene
DSS,Specific | Aggressive (Basal/HER2/CL),5,men1,0.10617604851722717,0.6893346742672133,gene
DSS,Specific | Aggressive (Basal/HER2/CL),6,stat5b,0.09831705689430237,-0.8093552609043041,gene
DSS,Specific | Aggressive (Basal/HER2/CL),7,cxcl8,0.09723814576864243,0.6703874232599043,gene
DSS,Specific | Aggressive (Basal/HER2/CL),8,mapt,0.08581411093473434,-0.4980490831180754,gene
DSS,Specific | Aggressive (Basal/HER2/CL),9,rab25,0.07625102251768112,-0.24588218002956597,gene
DSS,Specific | Aggressive (Basal/HER2/CL),10,jak2,0.07460620254278183,-0.4040445559112356,gene
DSS,Specific | Aggressive (Basal/HER2/CL),11,ccnd2,0.06768377870321274,-0.5468621437453578,gene
DSS,Specific | Aggressive (Basal/HER2/CL),12,hes1,0.0675845593214035,0.879367498840057,gene
DSS,Specific | Aggressive (Basal/HER2/CL),13,nr3c1,0.06345831602811813,-0.833167644965629,gene
DSS,Specific | Aggressive (Basal/HER2/CL),14,epcam,0.06314337998628616,0.6513478379311614,gene
DSS,Specific | Aggressive (Basal/HER2/CL),15,abcb1,0.061698053032159805,0.3250112751147639,gene
DSS,Specific | Aggressive (Basal/HER2/CL),16,flt3,0.06049109622836113,-0.08310463399192876,gene
DSS,Specific | Aggressive (Basal/HER2/CL),17,tumor_size,0.057850874960422516,0.7066742732128916,clinical
DSS,Specific | Aggressive (Basal/HER2/CL),18,aurka,0.05330536887049675,0.7552626451029578,gene
DSS,Specific | Aggressive (Basal/HER2/CL),19,slc19a1,0.044859375804662704,0.2633676752498356,gene
DSS,Specific | Aggressive (Basal/HER2/CL),20,csf1r,0.043490707874298096,0.8101661593074555,gene
DSS,Specific | Aggressive (Basal/HER2/CL),21,type_of_breast_surgery_BREAST CONSERVING,0.04279106855392456,-0.896571149591643,clinical
DSS,Specific | Aggressive (Basal/HER2/CL),22,gsk3b,0.0408034510910511,0.5430094003367192,gene
DSS,Specific | Aggressive (Basal/HER2/CL),23,stat5a,0.03887130320072174,-0.6999586486234901,gene
DSS,Specific | Aggressive (Basal/HER2/CL),24,mmp15,0.038016676902770996,0.20193011769963087,gene
DSS,Specific | Aggressive (Basal/HER2/CL),25,hes4,0.03725847229361534,0.5335117566556575,gene
DSS,Specific | Aggressive (Basal/HER2/CL),26,dab2,0.03642648458480835,0.29925805914823034,gene
DSS,Specific | Aggressive (Basal/HER2/CL),27,age_at_diagnosis,0.03406453877687454,0.13684425226862867,clinical
DSS,Specific | Aggressive (Basal/HER2/CL),28,klrg1,0.028617536649107933,-0.14169913561518174,gene
DSS,Specific | Aggressive (Basal/HER2/CL),29,bcl2,0.028111347928643227,-0.30802078952666334,gene
DSS,Specific | Aggressive (Basal/HER2/CL),30,rdh5,0.026527751237154007,-0.4295579820813872,gene
DSS,Specific | LumB,1,nottingham_prognostic_index,0.2865157723426819,0.8902921282912344,clinical
DSS,Specific | LumB,2,lymph_nodes_examined_positive,0.24892541766166687,0.6870391576195746,clinical
DSS,Specific | LumB,3,acvr1b,0.1421838253736496,0.7485521334687312,gene
DSS,Specific | LumB,4,nr2f1,0.1344107687473297,0.82700856930947,gene
DSS,Specific | LumB,5,dph1,0.12213411927223206,-0.6276809575223321,gene
DSS,Specific | LumB,6,stat2,0.11261409521102905,-0.06983941642693456,gene
DSS,Specific | LumB,7,akap9,0.11254025995731354,-0.9212885796738337,gene
DSS,Specific | LumB,8,tumor_size,0.10206747055053711,0.7908510983991567,clinical
DSS,Specific | LumB,9,foxo3,0.09826085716485977,0.4820252855598965,gene
DSS,Specific | LumB,10,pik3ca_mut,0.09802479296922684,0.97161213653073,mutation
DSS,Specific | LumB,11,flt3,0.097882941365242,-0.7491842165251563,gene
DSS,Specific | LumB,12,peg3,0.0907522439956665,0.7369018784850829,gene
DSS,Specific | LumB,13,kras,0.08894941955804825,0.893853110761394,gene
DSS,Specific | LumB,14,igf1r,0.08589202165603638,-0.8188072302101725,gene
DSS,Specific | LumB,15,aurka,0.07985006272792816,0.7134425786028548,gene
DSS,Specific | LumB,16,mecom,0.07417977601289749,0.6751773826087879,gene
DSS,Specific | LumB,17,tp53_mut,0.07387512922286987,0.9360416054493811,mutation
DSS,Specific | LumB,18,casp6,0.07362842559814453,-0.628752092963628,gene
DSS,Specific | LumB,19,gsk3b,0.07112875580787659,-0.004366008482668441,gene
DSS,Specific | LumB,20,age_at_diagnosis,0.06761942058801651,0.6534047976188649,clinical
DSS,Specific | LumB,21,rpgr,0.06206609681248665,-0.7611141703819826,gene
DSS,Specific | LumB,22,epcam,0.061078064143657684,-0.5717781221046038,gene
DSS,Specific | LumB,23,pdgfrb,0.05993969738483429,0.8304235947777364,gene
DSS,Specific | LumB,24,mapt,0.05898521468043327,-0.6314427044636695,gene
DSS,Specific | LumB,25,fbxw7,0.056943684816360474,-0.7188462326854332,gene
DSS,Specific | LumB,26,bard1,0.055426470935344696,0.7144656832600044,gene
DSS,Specific | LumB,27,notch3,0.04704653471708298,0.7741274607324957,gene
DSS,Specific | LumB,28,adgra2,0.04638618975877762,0.5775380874734526,gene
DSS,Specific | LumB,29,twist1,0.04105396568775177,0.5697639761975936,gene
DSS,Specific | LumB,30,pms2,0.04038418084383011,-0.8164440426751134,gene
DSS,Specific | LumA,1,pms2,0.1960829496383667,-0.7578607350828772,gene
DSS,Specific | LumA,2,stat5a,0.17311641573905945,-0.7019765297854762,gene
DSS,Specific | LumA,3,apaf1,0.16825105249881744,0.6984254470745274,gene
DSS,Specific | LumA,4,stat5b,0.16538934409618378,-0.817999125701648,gene
DSS,Specific | LumA,5,age_at_diagnosis,0.16094277799129486,0.8282596373879965,clinical
DSS,Specific | LumA,6,diras3,0.14688290655612946,-0.8166116982673362,gene
DSS,Specific | LumA,7,tumor_size,0.1364246904850006,0.8444919908507144,clinical
DSS,Specific | LumA,8,nottingham_prognostic_index,0.1345457136631012,0.7968105594911454,clinical
DSS,Specific | LumA,9,cxcr1,0.12811237573623657,0.7416903314605446,gene
DSS,Specific | LumA,10,lymph_nodes_examined_positive,0.11422540247440338,0.9216822682337693,clinical
DSS,Specific | LumA,11,smad4,0.11404120922088623,0.4259553648226038,gene
DSS,Specific | LumA,12,wwox,0.11199049651622772,0.7350786014537366,gene
DSS,Specific | LumA,13,cyp3a4,0.10767044126987457,-0.9129536337782487,gene
DSS,Specific | LumA,14,hsd17b8,0.10203863680362701,-0.8599824178170293,gene
DSS,Specific | LumA,15,casp10,0.08668529987335205,0.8443356551850115,gene
DSS,Specific | LumA,16,smad6,0.08593963831663132,0.8356094461055692,gene
DSS,Specific | LumA,17,type_of_breast_surgery_BREAST CONSERVING,0.08197946101427078,-0.9693030685959731,clinical
DSS,Specific | LumA,18,map3k13,0.07861267775297165,0.6783627752119294,gene
DSS,Specific | LumA,19,aurka,0.07817228138446808,0.8973141360093655,gene
DSS,Specific | LumA,20,ccnb1,0.07796785235404968,0.7311230659765136,gene
DSS,Specific | LumA,21,col22a1,0.0766875371336937,0.7625678236718283,gene
DSS,Specific | LumA,22,gsk3b,0.06505684554576874,0.873601456538013,gene
DSS,Specific | LumA,23,stat2,0.06389393657445908,0.15238966422800657,gene
DSS,Specific | LumA,24,tbx3,0.0615798719227314,-0.6861149349858624,gene
DSS,Specific | LumA,25,rbl1,0.059806108474731445,0.7825308370792747,gene
DSS,Specific | LumA,26,mapt,0.05756286531686783,-0.8070014481341182,gene
DSS,Specific | LumA,27,ctnna1,0.05509519577026367,0.8227430170444745,gene
DSS,Specific | LumA,28,e2f7,0.053221698850393295,0.7937764330180953,gene
DSS,Specific | LumA,29,smarcc2,0.05109507218003273,0.5986220880061827,gene
DSS,Specific | LumA,30,pr_status_Negative,0.05039013549685478,0.9520553372752233,clinical
